YEAR,MONTH,PRODUCT,TITLE,BRAND,ESTIMATED_VIEWS,ESTIMATED_PURCHASES
21,9,b089fbyrq2,"Comily Plus+ 4pcs/Set 210D Polyester Spare Tire Covers Storage Tote Bags with Handle Fit for 13""-15"" Tyres in Diameter-Black/Silver",Comily Plus+,231.655369268,12.188741438
21,9,b07b184pss,"Complete Tractor 3008-1010 Rim Compatible with/Replacement for McCormick C100, C50, C60, C70 G57046",Complete Tractor,540.529194959,7.302924256
21,9,b07b4ddfqx,ConPus Tire Pressure Sensor TPMS for GM Buick Cadillac Chevrolet GMC Saturn Park Number: 13598771 23445327 13586335 22853741 20923680 25920615 15922396 25799331,ConPus,231.655369268,17.765871732
21,9,b0972v8wsm,"Tire Covers Udt Navy Seal Rain and Snow Cover Apply to Suvs Camper for Spare Dustproof Tire Cover 14"" 15"" 16"" 17""",Constantyou,231.655369268,12.188741438
21,9,b07h5wx5jv,CONTINENTAL PureContact LS Performance Radial Tire-215/55R17 94V,Continental,231.655369268,11.707884604
21,9,b073h5fbg9,Continental ContiCrossContact LX Sport All-Season Radial Tire - 275/45R20 110V,Continental,231.655369268,11.707884604
21,9,b00d8x5qms,Continental ProContact Radial Tire - 205/55R17 91H,Continental,463.310738536,36.932604897
21,9,b00d8x5r4u,Continental ProContact Radial Tire - 165/60R15 77T,Continental,308.873825691,15.610512805
21,9,b01a0q4oza,Continental 15504690000 ProContact TX All-Season Radial Tire - 225/50R17 94H,Continental,231.655369268,11.707884604
21,9,b004qgzn74,Continental ContiProContact SSR Run-Flat All-Season Tire - 195/55R16 87V,Continental,308.873825691,15.610512805
21,9,b00e5axh24,Continental CrossContact LX Radial Tire - 215/70R16 100S,Continental,308.873825691,15.610512805
21,9,b00puf9geq,Continental Extreme Contact DWS06 All-Season Radial Tire - 225/45ZR19 92W,Continental,231.655369268,11.707884604
21,9,b00pufjkpq,CONTINENTAL PROCONTACT TX All Season Radial Tire - 225/65R17 102H,Continental,231.655369268,11.707884604
21,9,b00pufdbmo,CONTINENTAL TerrainContact A/T all_ Season Radial Tire-225/60R17 99H,Continental,308.873825691,15.610512805
21,9,b00e5au0pg,Continental ContiProContact Radial Tire - 235/50R18 97H,Continental,231.655369268,11.707884604
21,9,b00mww88j4,Continental ProContact TX All-Season Radial Tire - 235/50R18 97H,Continental,231.655369268,11.707884604
21,9,b07h5kzzcc,CONTINENTAL PureContact LS Performance Radial Tire-225/45R18 91V,Continental,694.966107804,62.157325189
21,9,b00pufm53u,CONTINENTAL CROSS CONTACT LX25 All- Season Radial Tire-225/65R17 102T,Continental,308.873825691,16.954529167
21,9,b07h6bxsjn,Continental PureContact LS All-Season Radial Tire-225/40R18 92V,Continental,308.873825691,15.610512805
21,9,b00e5auury,Continental ContiProContact Radial Tire - 265/35R18 97V,Continental,231.655369268,11.707884604
21,9,b07h5tlwhy,CONTINENTAL PURE CONTACT All- Season Radial Tire-225/45R17 91H,Continental,308.873825691,15.610512805
21,9,b00cy5e6t0,Continental ContiProContact SSR Run Flat Performance Radial Tire - 225/50R17 94V,Continental,1003.839933495,49.380248709
21,9,b00pufkpfa,Continental ProContact TX All-Season Radial Tire - 215/50R17 91H,Continental,463.310738536,23.415769208
21,9,b00vyxyc92,Continental Extreme Contact DWS06 All-Season Radial Tire - 235/55ZR17 99W,Continental,231.655369268,11.707884604
21,9,b00puflb9o,PROCONTACT TX All Season Radial Tire - 215/55R17 94V,Continental,231.655369268,11.707884604
21,9,b00pufrydq,Continental ContiProContact SSR All-Season Radial Tire - 225/45R18XL 95V,Continental,231.655369268,11.707884604
21,9,b00cp2rk4a,Continental ProContact Radial Tire - 215/55R18 94H,Continental,231.655369268,11.707884604